iso3,year,gdp_usd,population,inflation_rate,gdp_log,pop_log,node_id
ABW,2017,3092427932.96089,108735.0,0.0,21.852222358470588,11.596678205031603,0
AFG,2017,18753456497.8159,35688935.0,0.0,23.6546439189766,17.390351282749602,1
AGO,2017,84376935689.3366,30234839.0,0.0,25.158559927391053,17.22450545979518,2
ALB,2017,13258268435.6048,2648285.0,0.0,23.307887227702352,14.7894231962491,3
AND,2017,3000160414.63795,73763.0,0.0,21.821931596064267,11.20862608669501,4
ARE,2017,403365010211.028,9223225.0,0.0,26.723107721500934,16.037235425875135,5
ARG,2017,643628393281.364,44288894.0,0.0,27.19038736744077,17.60624452638968,6
ARM,2017,11527458709.0158,2979400.0,0.0,23.167997740170648,14.90723283156562,7
ASM,2017,612000000.0,51586.0,0.0,20.232242842110587,10.851024981743453,8
AUS,2017,1330890554614.09,24592588.0,0.0,27.916869424023048,17.017955695352033,9
AUT,2017,414926138132.691,8797566.0,0.0,26.751366360935975,15.98998576394882,10
AZE,2017,40866627351.9817,9854033.0,0.0,24.433579609781134,16.103391472455574,11
BDI,2017,2831362208.34039,11506762.0,0.0,21.76402377884838,16.258445507434633,12
BEL,2017,500908767351.53,11375158.0,0.0,26.939689820356104,16.246942500725574,13
BEN,2017,12701655836.9467,12039780.0,0.0,23.264998202852787,16.30372680831075,14
BFA,2017,14106955615.3442,19894407.0,0.0,23.369933818818772,16.805949245180287,15
BGD,2017,293732446624.596,162186147.0,0.0,26.405935144451124,18.90425529525891,16
BGR,2017,59167647387.606,6803468.0,0.0,24.80364073263847,15.732943187124386,17
BHR,2017,37204813829.7872,1501116.0,0.0,24.339703993906948,14.221720055612453,18
BHS,2017,12446900000.0,390485.0,0.0,23.244737432948888,12.875147396146728,19
BIH,2017,18326373135.6099,3428682.0,0.0,23.631607014332562,15.047686780394104,20
BLR,2017,54725405751.1559,9458989.0,0.0,24.725593894711697,16.062476170000544,21
BLZ,2017,2266028250.0,373202.0,0.0,21.541294466817845,12.829877786508225,22
BMU,2017,7142316000.0,63578.0,0.0,22.68930293058932,11.060038506124684,23
BOL,2017,45927439594.7902,11344587.0,0.0,24.550328587938623,16.24425135997914,24
BRA,2017,2063514688805.78,204703445.0,0.0,28.35543180450808,19.137072884881615,25
BRB,2017,5683150000.0,280171.0,0.0,22.46077149359897,12.543158979269434,26
BRN,2017,12128168045.1245,432772.0,0.0,23.218796521796317,12.977968620095218,27
BTN,2017,2591358009.20276,754335.0,0.0,21.67544790350944,13.533593171071674,28
BWA,2017,16105155856.7708,2266747.0,0.0,23.502405297284163,14.63385676318741,29
CAF,2017,2072349972.6818,4793511.0,0.0,21.451949053297685,15.382773894886062,30
CAN,2017,1649265644244.09,36545075.0,0.0,28.131351240676732,17.414057015522324,31
CHE,2017,695200833086.499,8451840.0,0.0,27.26746660923908,15.949894845425659,32
CHL,2017,276154259981.097,18558868.0,0.0,26.34422545950849,16.736458345965563,33
CHN,2017,12537559062282.9,1396215000.0,0.0,30.15974998005567,21.057030841605584,34
CIV,2017,52512343996.69,26733372.0,0.0,24.684314102672253,17.101423267958054,35
CMR,2017,36098547033.1655,24128601.0,0.0,24.309518453114194,16.99890849974382,36
COD,2017,37537521565.5308,87083398.0,0.0,24.348606844788648,18.282376826641887,37
COG,2017,11834473039.3645,5351011.0,0.0,23.194282553392085,15.49279625986241,38
COL,2017,311866875156.879,48131078.0,0.0,26.46584225151486,17.689438659478032,39
COM,2017,1077439756.59451,756669.0,0.0,20.797853468954138,13.536682506066116,40
CPV,2017,1996741539.95088,512893.0,0.0,21.414782459344075,13.147824475122155,41
CRI,2017,60516044656.5206,4913177.0,0.0,24.826174367774403,15.407431540903598,42
CUB,2017,96850649700.0,11247829.0,0.0,25.296435935099062,16.23568577912036,43
CUW,2017,3033433248.15988,160175.0,0.0,21.832960900542098,11.984028489659265,44
CYM,2017,5166281293.18715,64535.0,0.0,22.36541898119982,11.07497848661681,45
CYP,2017,22946570628.7576,1254275.0,0.0,23.856434334390233,14.042069071651278,46
CZE,2017,221563575696.217,10594438.0,0.0,26.12397540871198,16.175839798778178,47
DEU,2017,3765351626105.89,82657002.0,0.0,28.956862366207798,18.230210109434356,48
DJI,2017,2762581334.22612,1054841.0,0.0,21.739431345972648,13.868901550643526,49
DMA,2017,563355555.555555,68496.0,0.0,20.149421525942074,11.134545227670822,50
DNK,2017,331610593961.988,5764980.0,0.0,26.527227207715885,15.56731241592965,51
DOM,2017,79070274743.1658,10666843.0,0.0,25.093602847718618,16.1826507969577,52
DZA,2017,189880896903.073,41689299.0,0.0,25.96966285414941,17.54575505911875,53
ECU,2017,104467486000.0,16759519.0,0.0,25.372141721191163,16.63447701298995,54
EGY,2017,248362771739.13,103696057.0,0.0,26.23815630355207,18.45697465897674,55
ESP,2017,1321754088818.83,46571232.0,0.0,27.90998082554675,17.65649359088035,56
EST,2017,27469461919.1189,1317384.0,0.0,24.03634074895199,14.09115926906045,57
ETH,2017,76366081766.6667,109666481.0,0.0,25.058804478620686,18.512954336169543,58
FIN,2017,253846138440.0,5508214.0,0.0,26.259994166252476,15.521751172201043,59
FJI,2017,5353469174.47838,918759.0,0.0,22.40101063172,13.73078021380369,60
FRA,2017,2588868323334.71,66918020.0,0.0,28.582241955356526,18.01897886102159,61
FRO,2017,2980057377.87967,50180.0,0.0,21.815208391935965,10.823391747980118,62
FSM,2017,359000000.0,109481.0,0.0,19.698832949238067,11.60351543116459,63
GAB,2017,14929487485.1623,2156900.0,0.0,23.426604120122786,14.584183027238714,64
GBR,2017,2699118387873.1,65966000.0,0.0,28.623946312608993,18.00465003089874,65
GEO,2017,16473125375.0684,3728004.0,0.0,23.524996124886265,15.131383795988436,66
GHA,2017,60385409434.8567,30008354.0,0.0,24.824013347073993,17.2169864008525,67
GIN,2017,10324668271.1362,12385659.0,0.0,23.05780184667071,16.332049909756208,68
GMB,2017,1504909462.69521,2342189.0,0.0,21.131998576324595,14.666596947090836,69
GNB,2017,1469978606.12143,1877072.0,0.0,21.108513684652543,14.445224206661072,70
GNQ,2017,12200913878.9827,1562396.0,0.0,23.224776694075448,14.261731738419876,71
GRC,2017,200381103984.298,10754679.0,0.0,26.02348691022087,16.190851566638344,72
GRD,2017,1125685185.18519,115438.0,0.0,20.84165774159128,11.65649753090157,73
GRL,2017,2851613679.03433,56172.0,0.0,21.771150874515055,10.93619149339347,74
GTM,2017,71653780740.4226,16567357.0,0.0,24.9951117566313,16.622944931910354,75
GUM,2017,6013000000.0,163490.0,0.0,22.51718962917015,12.004513221932806,76
GUY,2017,4748174334.14044,768479.0,0.0,22.281026030614626,13.552169816898651,77
HKG,2017,341273289534.466,7393200.0,0.0,26.55594942883979,15.81607135205008,78
HND,2017,23136247990.5977,9588137.0,0.0,23.864666401727597,16.076037267424073,79
HRV,2017,56182782585.9052,4041407.0,0.0,24.75187618724474,15.212103704071623,80
HTI,2017,15093357161.1498,10817754.0,0.0,23.437520560936324,16.1966993237176,81
HUN,2017,143335098991.862,9726756.0,0.0,25.68845107544489,16.09039109953068,82
IDN,2017,1015618744159.73,267346658.0,0.0,27.646519142849954,19.404056722553793,83
IND,2017,2651474262755.45,1359657400.0,0.0,28.60613692680345,21.030498593930048,84
IRL,2017,348355212568.515,4827445.0,0.0,26.57648852190902,15.38982810730821,85
IRN,2017,510239893417.645,85026754.0,0.0,26.958146831323386,18.258476529632457,86
IRQ,2017,187217660050.676,39337353.0,0.0,25.95553773442325,17.48768510887667,87
ISL,2017,25060086487.8901,343400.0,0.0,23.944542237680928,12.746654139497183,88
ISR,2017,358451839052.991,8713300.0,0.0,26.605060147805407,15.98036126669729,89
ITA,2017,1970720904584.71,60002252.0,0.0,28.30942053315228,17.90989266948139,90
JAM,2017,15783583236.675,2815764.0,0.0,23.48223620121746,14.850744541073237,91
JOR,2017,41608435915.493,10234226.0,0.0,24.451568770109393,16.14124824906659,92
JPN,2017,4930837369151.42,126972000.0,0.0,29.226529941315025,18.65947715555005,93
KAZ,2017,166805788827.233,18651931.0,0.0,25.84009603147408,16.741460291182065,94
KEN,2017,82036510877.2599,49197766.0,0.0,25.13043023972717,17.71135879425369,95
KGZ,2017,7702938379.42036,6306696.0,0.0,22.764867700859092,15.657122642633489,96
KHM,2017,29355665909.7905,16073372.0,0.0,24.102751410953708,16.592674609901806,97
KIR,2017,222875736.343445,120275.0,0.0,19.222124942469396,11.697544380812866,98
KNA,2017,1056977777.77778,47050.0,0.0,20.77867952069752,10.758987398772785,99
KOR,2017,1710196756713.17,51361911.0,0.0,28.167629542229893,17.754407444067386,100
KWT,2017,120687539805.505,4154812.0,0.0,25.516470726966308,15.239777979242037,101
LAO,2017,17071155481.4994,7018147.0,0.0,23.560656062293674,15.764009923532175,102
LBN,2017,53027680685.9038,6160128.0,0.0,24.694079891270704,15.633608276848873,103
LBR,2017,3390703400.0,4848925.0,0.0,21.944303229735446,15.394267795092508,104
LBY,2017,67157452181.7738,6738770.0,0.0,24.930305731908057,15.723388122048112,105
LCA,2017,1998503703.7037,176342.0,0.0,21.415664589856092,12.080186241085622,106
LKA,2017,94369350285.5814,21453000.0,0.0,25.270482178210603,16.88137510031217,107
LSO,2017,2306741672.29006,2157110.0,0.0,21.559101834701483,14.584280384408867,108
LTU,2017,47756764508.446,2842639.0,0.0,24.589386558958882,14.860243755812613,109
LUX,2017,65712180342.9836,596336.0,0.0,24.908550138617276,13.29856122249026,110
LVA,2017,29391059767.4259,1942248.0,0.0,24.103956375537134,14.479357137945756,111
MAC,2017,50297028370.6668,648400.0,0.0,24.64121183420885,13.382264611100334,112
MAR,2017,118540573367.844,35446392.0,0.0,25.498521130217334,17.383532056823462,113
MDA,2017,9514404016.20949,2755189.0,0.0,22.976072699601374,14.82899696370838,114
MDG,2017,13176313593.5509,26788375.0,0.0,23.30168662997499,17.103478620049156,115
MDV,2017,4816426256.52914,458287.0,0.0,22.295298049659433,13.035253086431963,116
MEX,2017,1190721475906.0,123400057.0,0.0,27.80558052161193,18.63094213945166,117
MHL,2017,213700000.0,46529.0,0.0,19.180083724968835,10.747852544838695,118
MKD,2017,11307067069.6658,1898657.0,0.0,23.148693771664522,14.456657878788679,119
MLI,2017,18308362040.0521,19813011.0,0.0,23.630623734561517,16.801849451539162,120
MLT,2017,14161366724.1955,467106.0,0.0,23.373783440695142,13.054313632462259,121
MMR,2017,66053040475.0257,51894938.0,0.0,24.91372389980039,17.764731828930408,122
MNE,2017,4803962015.62122,625982.0,0.0,22.292706834517823,13.34707849316397,123
MNG,2017,11480847740.736,3148917.0,0.0,23.163946070210372,14.962569459731412,124
MNP,2017,1560000000.0,49959.0,0.0,21.16795165884888,10.818977964239513,125
MOZ,2017,13264640645.7768,28166393.0,0.0,23.308367733839486,17.153640123139063,126
MRT,2017,6800135898.28827,4210600.0,0.0,22.64020843411822,15.253115950814408,127
MUS,2017,13896938315.2799,1264887.0,0.0,23.354934387805322,14.05049413867467,128
MWI,2017,8943543793.5839,18039715.0,0.0,22.914197745191522,16.70808632968104,129
MYS,2017,319109094160.343,32355644.0,0.0,26.488798869233293,17.292299061369842,130
NAM,2017,12895153370.9132,2506853.0,0.0,23.280117370114624,14.734539138508017,131
NCL,2017,9174048681.98577,283546.0,0.0,22.939644539733184,12.55513317324161,132
NER,2017,11185104251.6943,21435446.0,0.0,23.1378487526045,16.880556511540654,133
NGA,2017,375745731053.427,200254579.0,0.0,26.65217850438236,19.115100015061934,134
NIC,2017,13785893007.4769,6316231.0,0.0,23.346911660497476,15.658633385791992,135
NLD,2017,848233537845.884,17131296.0,0.0,27.46642183322748,16.65641758255373,136
NOR,2017,401745275035.261,5276968.0,0.0,26.719084080539705,15.478862437820617,137
NPL,2017,28971588940.364,28011258.0,0.0,24.089581495044225,17.148117094458925,138
NRU,2017,109355638.866955,11324.0,0.0,18.51011588004378,9.334767950351235,139
NZL,2017,206745969246.073,4813600.0,0.0,26.054756674878174,15.38695601063298,140
OMN,2017,80856697009.1027,4537396.0,0.0,25.11594425206975,15.327864057573082,141
PAK,2017,339205534861.1,223273967.0,0.0,26.54987205813109,19.223910131420755,142
PAN,2017,64327688826.3137,4098707.0,0.0,24.887255994898407,15.226182360061962,143
PER,2017,211007984080.911,31324637.0,0.0,26.075161808957354,17.259915502414668,144
PHL,2017,328480736802.76,108119693.0,0.0,26.517744033284902,18.498749449179837,145
PLW,2017,292148590.087891,17812.0,0.0,19.492773104388966,9.787683806792485,146
PNG,2017,22742699138.356,9178714.0,0.0,23.84751001388712,16.032397774585302,147
POL,2017,528356676667.211,37974826.0,0.0,26.993037416581867,17.45243405080703,148
PRT,2017,220862990767.229,10300300.0,0.0,26.120808394939928,16.147683676073843,149
PRY,2017,38997129473.5613,6338660.0,0.0,24.38675387715083,15.662178105369644,150
PSE,2017,16128000000.0,4454805.0,0.0,23.503822728897372,15.309494071361987,151
PYF,2017,5833352692.7995,280087.0,0.0,22.486857748139318,12.542859118488263,152
QAT,2017,161099175824.176,2545820.0,0.0,25.80528601119556,14.749963749264959,153
ROU,2017,210147385855.419,19588715.0,0.0,26.0710749589027,16.79046424412793,154
RUS,2017,1574199360089.0,145293260.0,0.0,28.08476791615614,18.794264747561282,155
RWA,2017,9252833891.40871,12202060.0,0.0,22.948195708296925,16.3171154298619,156
SAU,2017,741266133333.333,30977355.0,0.0,27.33162555205938,17.248767043926755,157
SDN,2017,41283617976.1905,42714306.0,0.0,24.44373159907542,17.57004448062728,158
SEN,2017,20996562943.5979,15475002.0,0.0,23.76762459196969,16.55473657039598,159
SGP,2017,343673334902.33,5612253.0,0.0,26.562957435317486,15.540462979337086,160
SLB,2017,1469790526.3972,685672.0,0.0,21.108385729213946,13.438156116676879,161
SLE,2017,5749846528.48046,7379299.0,0.0,22.472439000874335,15.81418934112951,162
SLV,2017,24979190000.0,6213533.0,0.0,23.94130891521739,15.64224037416944,163
SMR,2017,1528620346.31168,33825.0,0.0,21.14763143176106,10.428985016533987,164
SOM,2017,7621501710.0012,14916629.0,0.0,22.75423926216279,16.51798725591345,165
SRB,2017,45972834713.8077,7020858.0,0.0,24.55131650931427,15.764396133188413,166
STP,2017,322002845.229335,206970.0,0.0,19.590070942691153,12.2403339658147,167
SUR,2017,3591679430.99988,593713.0,0.0,22.001885738414895,13.294153000913871,168
SVK,2017,95978130734.9766,5439232.0,0.0,25.287386197629207,15.50914861624467,169
SVN,2017,48153200134.6613,2066388.0,0.0,24.59765343478188,14.541313197482081,170
SWE,2017,535172356784.769,10057698.0,0.0,27.005854694175703,16.123848968839518,171
SWZ,2017,4462640651.49219,1158195.0,0.0,22.21900650232122,13.962374180132912,172
SXM,2017,1353212122.90503,38996.0,0.0,21.02574695426391,10.571239999076129,173
SYC,2017,1675370641.01416,95843.0,0.0,21.239300256559318,11.47047714870539,174
SYR,2017,16369843352.3453,19224668.0,0.0,23.518706659153878,16.771704856042614,175
TCA,2017,1197958000.0,39913.0,0.0,20.903884278429143,10.59448241852793,176
TCD,2017,13349041408.7152,15622759.0,0.0,23.314710414698887,16.56423938330971,177
TGO,2017,6387424239.8801,8057140.0,0.0,22.577596931878322,15.902069336916494,178
THA,2017,456356813536.764,71160187.0,0.0,26.8465408263068,18.080444062692088,179
TJK,2017,7536402852.85802,9085946.0,0.0,22.743010830044607,16.02223949213457,180
TKM,2017,37926285714.2857,6507061.0,0.0,24.358910263130046,15.688398606632127,181
TLS,2017,1584878439.93596,1251703.0,0.0,21.183773547918765,14.04001638096492,182
TON,2017,459976850.268529,105356.0,0.0,19.94668672285187,11.565109862207676,183
TTO,2017,23830750900.6899,1356633.0,0.0,23.89424263833232,14.120517189836695,184
TUN,2017,42163530590.9462,11650498.0,0.0,24.464821480366517,16.27085956967672,185
TUR,2017,863874522365.276,80312698.0,0.0,27.484693366461016,18.201438310871755,186
TUV,2017,45276595.3533146,10869.0,0.0,17.62830082015832,9.293761980115255,187
TWN,2017,105843498304.094,10865228.0,0.0,25.3852274089761,16.20107824830283,188
TZA,2017,53274884532.7886,55652890.0,0.0,24.698730847566726,17.834644584022023,189
UGA,2017,30744473841.424,40177388.0,0.0,24.148976102607225,17.508814932661206,190
UKR,2017,112090505081.739,45436041.0,0.0,25.442572463015644,17.631816224710168,191
URY,2017,65005997963.4822,3388438.0,0.0,24.897745378961496,15.035879901330455,192
USA,2017,19477336549000.0,326608609.0,0.0,30.60027267733087,19.604273100676117,193
UZB,2017,69703222282.7278,31819178.0,0.0,24.967512384400777,17.275579779158274,194
VCT,2017,844040740.740741,105663.0,0.0,20.553711323599835,11.5680195272798,195
VEN,2017,115883275162.586,30565323.0,0.0,25.47584927285501,17.23537672174867,196
VNM,2017,281353605986.903,95176977.0,0.0,26.362878099476827,18.37124864278546,197
VUT,2017,880043284.399407,278507.0,0.0,20.59548165218071,12.537202063251096,198
WSM,2017,884844384.463214,205415.0,0.0,20.60092235187652,12.232792470229555,199
YEM,2017,26842229044.5848,33090921.0,0.0,24.01324219498989,17.314769542912458,200
ZAF,2017,381448814653.456,57635162.0,0.0,26.667242510004904,17.869643408155873,201
ZMB,2017,25873601260.8353,17441320.0,0.0,23.97648902955717,16.674352718989415,202
ZWE,2017,51035657370.5179,14812482.0,0.0,24.65579038951676,16.51098082917964,203
ABW,2018,3276187709.49721,108908.0,0.0,21.9099462999823,11.598267950134272,0
AFG,2018,18053222687.4126,36743039.0,0.0,23.61659004808285,17.419459377931894,1
AGO,2018,89512794227.495,31297155.0,0.0,25.217647404284204,17.259037788762317,2
ALB,2018,15379508329.7568,2607733.0,0.0,23.456301832421683,14.773992202961923,3
AND,2018,3218418631.67579,75162.0,0.0,21.892155968005103,11.227414367579149,4
ARE,2018,440560108917.631,9346701.0,0.0,26.811312729128296,16.050534111769245,5
ARG,2018,524819892360.176,44654882.0,0.0,26.986320978509557,17.614474221009356,6
ARM,2018,12457940694.7395,2969000.0,0.0,23.245624063431467,14.903736090559581,7
ASM,2018,639000000.0,50908.0,0.0,20.275415013906755,10.837795004197082,8
AUS,2018,1433144978761.67,24963258.0,0.0,27.990892431159303,17.03291566185238,9
AUT,2018,452582294972.775,8840521.0,0.0,26.83823545089589,15.994856482644213,10
AZE,2018,47112470051.7701,9939771.0,0.0,24.57580355988587,16.11205464074393,11
BDI,2018,2913411408.44783,11859446.0,0.0,21.792590537168277,16.288635323128048,12
BEL,2018,542638913427.921,11427054.0,0.0,27.019709951202977,16.251494347279078,13
BEN,2018,14262408089.9261,12383347.0,0.0,23.380893108006994,16.33186322484685,14
BFA,2018,15890066221.2882,20438288.0,0.0,23.488959985031236,16.83292061138116,15
BGD,2018,321362752441.78,163523103.0,0.0,26.49583639194327,18.912464847186925,16
BGR,2018,66097226262.2191,6710798.0,0.0,24.914392620188632,15.719228577864842,17
BHR,2018,39567978723.4043,1503091.0,0.0,24.401286010028308,14.22303487777331,18
BHS,2018,12819200000.0,392717.0,0.0,23.274209884073727,12.880847076032065,19
BIH,2018,20484058033.1144,3387000.0,0.0,23.742912763686345,15.035455427046395,20
BLR,2018,60031026576.26,9438785.0,0.0,24.818127375134406,16.060337928156862,21
BLZ,2018,2285915050.0,380226.0,0.0,21.55003224108613,12.84852372177013,22
BMU,2018,7225977000.0,63831.0,0.0,22.700948286854725,11.064009910988117,23
BOL,2018,48414038842.2576,11508368.0,0.0,24.603055667355083,16.258585067790193,24
BRA,2018,1916933708352.71,206107261.0,0.0,28.281747998462308,19.143907280562598,25
BRB,2018,6001950000.0,280711.0,0.0,22.515350253540017,12.545084511703397,26
BRN,2018,13566908391.0895,437810.0,0.0,23.330899458166854,12.989542589383397,27
BTN,2018,2583335721.85904,759759.0,0.0,21.672347316620822,13.540757872916835,28
BWA,2018,17031943186.1353,2299141.0,0.0,23.558356428877687,14.648046567823089,29
CAF,2018,2220979146.11241,4878657.0,0.0,21.52121399285128,15.400380740009895,30
CAN,2018,1725329192783.02,37072620.0,0.0,28.176438984601457,17.428389276700873,31
CHE,2018,725568717468.001,8514329.0,0.0,27.31022162217877,15.95726118430902,32
CHL,2018,295857562991.709,18893191.0,0.0,26.413143969347946,16.75431220349786,33
CHN,2018,14147765772963.8,1402760000.0,0.0,30.280577831647378,21.061707562136863,34
CIV,2018,58522477786.6889,27464173.0,0.0,24.792676753071582,17.128392949666154,35
CMR,2018,39955552189.795,24806383.0,0.0,24.41103347799507,17.02661159736337,36
COD,2018,46659954092.4862,90047644.0,0.0,24.56615211968765,18.315849477106564,37
COG,2018,14773900288.5135,5483118.0,0.0,23.416127966978706,15.517184657597687,38
COL,2018,334198218098.276,49024465.0,0.0,26.5350001212541,17.707830037585527,39
COM,2018,1178530633.24599,771590.0,0.0,20.88753427427159,13.556209895871035,40
CPV,2018,2205099506.99994,513415.0,0.0,21.51403847317161,13.14884171171736,41
CRI,2018,62420164991.5374,4957818.0,0.0,24.857154217049526,15.416476484254979,42
CUB,2018,100050036100.0,11227118.0,0.0,25.328936258805673,16.2338427488325,43
CUW,2018,3046364819.53197,159336.0,0.0,21.837214854612544,11.978776735093,44
CYM,2018,5530178498.90783,65941.0,0.0,22.433485930424062,11.096530846769337,45
CYP,2018,25754001367.5448,1270737.0,0.0,23.971855844937117,14.055108392022381,46
CZE,2018,251992360762.236,10629928.0,0.0,26.25266460956674,16.17918407108604,47
DEU,2018,4055433215301.96,82905782.0,0.0,29.03107863263609,18.23321537641797,48
DJI,2018,2913464658.08768,1071882.0,0.0,21.792608814419836,13.88492747286544,49
DMA,2018,628244444.444444,68174.0,0.0,20.258439893034833,11.129833207713789,50
DNK,2018,355293374912.393,5793636.0,0.0,26.596209693341322,15.572270804330481,51
DOM,2018,84994732049.3461,10782053.0,0.0,25.16585511563786,16.193393643328456,52
DZA,2018,194554483655.528,42505035.0,0.0,25.99397808240557,17.565133120992417,53
ECU,2018,107478961000.0,17049547.0,0.0,25.400560953741508,16.651634251078466,54
EGY,2018,262588632526.73,105682094.0,0.0,26.29385450971261,18.475946041978823,55
ESP,2018,1431642809327.06,46782011.0,0.0,27.98984371852619,17.661009328028673,56
EST,2018,31222632740.7247,1321977.0,0.0,24.164409077168965,14.094639657802952,57
ETH,2018,83337901071.9697,112664152.0,0.0,25.146169277514012,18.53992185387941,58
FIN,2018,273869255596.078,5515525.0,0.0,26.335916660099226,15.523077582368314,59
FJI,2018,5581425327.44397,917180.0,0.0,22.442710015926625,13.729060114531087,60
FRA,2018,2781576320884.39,67158348.0,0.0,28.65403890483614,18.022563806786277,61
FRO,2018,3188600927.46688,50996.0,0.0,21.882848077120737,10.839522086446879,62
FSM,2018,392000000.0,109909.0,0.0,19.786772400305757,11.607417128062947,63
GAB,2018,16867326401.9626,2212318.0,0.0,23.54864423860691,14.609551844608168,64
GBR,2018,2897028009916.05,66289000.0,0.0,28.694706503263102,18.00953454395769,65
GEO,2018,17902544880.6471,3726549.0,0.0,23.60820871184667,15.130993430629678,66
GHA,2018,67259353965.6087,30637585.0,0.0,24.93182193819618,17.23773811383211,67
GIN,2018,11857030366.7891,12704774.0,0.0,23.196186808588763,16.35748846501642,68
GMB,2018,1670671327.81651,2399632.0,0.0,21.236491375900712,14.690826366958563,69
GNB,2018,1554133593.91699,1922168.0,0.0,21.164184053611844,14.468964793887201,70
GNQ,2018,13097012133.6159,1616422.0,0.0,23.295649959811985,14.295726241236423,71
GRC,2018,213298873494.394,10732882.0,0.0,26.085960181094222,16.188822764444588,72
GRD,2018,1166514814.81481,115691.0,0.0,20.87728635042938,11.65868676645238,73
GRL,2018,3055782146.15957,56023.0,0.0,21.840301418785426,10.933535449335354,74
GTM,2018,73328356007.6152,16845685.0,0.0,25.01821321971742,16.6396051582441,75
GUM,2018,6051000000.0,162679.0,0.0,22.52348938475186,11.999540360021161,76
GUY,2018,4787636997.85343,791556.0,0.0,22.289302806992243,13.581757170871324,77
HKG,2018,361731070995.726,7452600.0,0.0,26.61416687488777,15.82407365694169,78
HND,2018,24067750760.499,9765210.0,0.0,23.904138638654214,16.094336729842368,79
HRV,2018,61667925219.0755,3988775.0,0.0,24.845029782122563,15.198994974886157,80
HTI,2018,16403864617.8458,10962362.0,0.0,23.52078279150665,16.209978418435114,81
HUN,2018,161184691013.835,9706964.0,0.0,25.805816693618507,16.08835422704245,82
IDN,2018,1042271532988.63,269951846.0,0.0,27.67242361359429,19.413754156612942,83
IND,2018,2702929641648.74,1374659064.0,0.0,28.625357353157753,21.041471584592312,84
IRL,2018,395780319816.603,4898022.0,0.0,26.70412514633598,15.404342212277427,85
IRN,2018,411903303606.044,86117998.0,0.0,26.744054458766684,18.271228995169597,86
IRQ,2018,227367469034.031,40265624.0,0.0,26.149833351894912,17.511008685256968,87
ISL,2018,26677652544.3499,352721.0,0.0,24.007092068566276,12.773435490235748,88
ISR,2018,376299083108.497,8882800.0,0.0,26.653650097948354,15.99962749315935,89
ITA,2018,2099435266458.67,60148658.0,0.0,28.37268950375877,17.912329705872104,90
JAM,2018,16855447986.2221,2820097.0,0.0,23.54793976417107,14.852282194083518,91
JOR,2018,43370860704.2254,10462306.0,0.0,24.49305364023258,16.163289546775793,92
JPN,2018,5040880939324.86,126811000.0,0.0,29.248601972286693,18.65820835487916,93
KAZ,2018,179339977690.485,18932727.0,0.0,25.912549158078004,16.756402622681176,94
KEN,2018,92202979985.2863,50207107.0,0.0,25.247258287879127,17.731667168264025,95
KGZ,2018,8271106235.41552,6444079.0,0.0,22.83603410202001,15.678672437851228,96
KHM,2018,33145892168.8958,16274522.0,0.0,24.224184629456442,16.605111436873635,97
KIR,2018,233514717.441266,122084.0,0.0,19.26875566709637,11.712472802429252,98
KNA,2018,1076548148.14815,47008.0,0.0,20.797025601263247,10.75809435172215,99
KOR,2018,1824251454306.83,51585058.0,0.0,28.232190856800447,17.758742634259296,100
KWT,2018,138646316350.727,4323515.0,0.0,25.6551920406908,15.27957951808122,101
LAO,2018,18141641089.7963,7128045.0,0.0,23.62147574561177,15.77954770153508,102
LBN,2018,54901519155.5556,5984119.0,0.0,24.728806856418863,15.604619851911318,103
LBR,2018,3422754800.0,4944726.0,0.0,21.953711561150445,15.41383231423489,104
LBY,2018,76686029772.1483,6849055.0,0.0,25.062985387571477,15.739621390522728,105
LCA,2018,2060955555.55556,177017.0,0.0,21.446435574602607,12.084006701300643,106
LKA,2018,94450015982.8405,21670000.0,0.0,25.271336600124624,16.89143941965929,107
LSO,2018,2556247291.99785,2183603.0,0.0,21.66180611878088,14.596487280725395,108
LTU,2018,54261795148.5372,2819200.0,0.0,24.717086227845503,14.85196406943449,109
LUX,2018,71085623495.1145,607950.0,0.0,24.987150952130367,13.317849565595322,110
LVA,2018,33247935477.3576,1927174.0,0.0,24.22725851124409,14.47156575801103,111
MAC,2018,55076322634.344,658900.0,0.0,24.73198574451385,13.398328574581743,112
MAR,2018,127341147581.818,35839760.0,0.0,25.57013552345336,17.394568477521982,113
MDA,2018,11252353420.8798,2707203.0,0.0,23.143843136775008,14.81142692593432,114
MDG,2018,13760033282.2925,27494926.0,0.0,23.345034088292614,17.12951207289234,115
MDV,2018,5404344162.69888,473099.0,0.0,22.410468941859314,13.06706206161924,116
MEX,2018,1256300182879.73,124573711.0,0.0,27.85919215452768,18.640408162925173,117
MHL,2018,220000000.0,45285.0,0.0,19.20913810886209,10.720753212932467,118
MKD,2018,12683068114.2388,1889051.0,0.0,23.263533721610894,14.451585673897247,119
MLI,2018,20368015381.2413,20442030.0,0.0,23.737231633977267,16.833103682355677,120
MLT,2018,16153779510.9928,483903.0,0.0,23.50541988474577,13.089641818917942,121
MMR,2018,67860515993.1186,52272247.0,0.0,24.94072020007728,17.77197615722557,122
MNE,2018,5433467174.79183,626438.0,0.0,22.415843289368937,13.347806682257023,123
MNG,2018,13178094720.4986,3208189.0,0.0,23.301821797263063,14.981217473147366,124
MNP,2018,1301000000.0,49077.0,0.0,20.98639903724542,10.801166148198302,125
MOZ,2018,15017358952.8452,29018644.0,0.0,23.43247263252497,17.183449112393617,126
MRT,2018,7473550557.07378,4337685.0,0.0,22.734636032146692,15.282851584162232,127
MUS,2018,14957535715.9696,1265577.0,0.0,23.428481071122626,14.051039492785021,128
MWI,2018,9879220354.29186,18528081.0,0.0,23.01369943418481,16.73479808507909,129
MYS,2018,358788845712.53,32910967.0,0.0,26.605999878892884,17.309316534039066,130
NAM,2018,13682019076.4022,2577327.0,0.0,23.33934833162734,14.762263761317811,131
NCL,2018,9896402283.68587,283541.0,0.0,23.015437122451857,12.55511553932524,132
NER,2018,12837307496.8821,22188069.0,0.0,23.27562141679223,16.915065315010768,133
NGA,2018,421739251509.08,204938755.0,0.0,26.767653072594452,19.138221741248135,134
NIC,2018,13025221974.232,6400080.0,0.0,23.290153466684924,15.67182120449981,135
NLD,2018,929733599796.862,17231624.0,0.0,27.558163930228297,16.662256916303075,136
NOR,2018,439788625883.8,5311916.0,0.0,26.809560052715362,15.485463345016335,137
NPL,2018,33111525237.149,28079689.0,0.0,24.2231472532298,17.150557097174904,138
NRU,2018,130995566.30391,11477.0,0.0,18.690674043218195,9.348187438668308,139
NZL,2018,211985631173.205,4900600.0,0.0,26.07978433184126,15.404868408620807,140
OMN,2018,91505851755.5267,4597877.0,0.0,25.239668760806182,15.341105450677913,141
PAK,2018,356128166704.921,226928892.0,0.0,26.598556521844067,19.240147279677647,142
PAN,2018,67316471181.2488,4167860.0,0.0,24.932670786330778,15.242913512531024,143
PER,2018,222597009739.235,31897584.0,0.0,26.12862884236535,17.278040859560125,144
PHL,2018,346841896587.313,109465287.0,0.0,26.57213488363415,18.51111805239805,145
PLW,2018,287998352.050781,17814.0,0.0,19.478465319510192,9.787796078039936,146
PNG,2018,24109780708.0268,9394513.0,0.0,23.90588343366166,16.05563645984825,147
POL,2018,594616687350.017,37974750.0,0.0,27.11118281195181,17.452432049479256,148
PRT,2018,242092894542.888,10283822.0,0.0,26.21258735119863,16.146082636017937,149
PRY,2018,40225448340.6341,6427382.0,0.0,24.417765675608216,15.676078014922666,150
PSE,2018,16276600000.0,4569087.0,0.0,23.5129943305622,15.33482418059193,151
PYF,2018,6135116253.33452,279815.0,0.0,22.53729486429153,12.541887523281236,152
QAT,2018,183335164835.165,2580734.0,0.0,25.934581816470363,14.763584800047068,153
ROU,2018,241791427223.903,19473970.0,0.0,26.211341320507294,16.78458931135469,154
RUS,2018,1657328773461.31,145398106.0,0.0,28.136228249575055,18.79498610372172,155
RWA,2018,9637904520.86283,12487996.0,0.0,22.98896954868913,16.340278500946756,156
SAU,2018,886564800000.0,30196281.0,0.0,27.510620056237087,17.22322936218334,157
SDN,2018,32333780383.2924,44230596.0,0.0,24.199378353004423,17.604927347379462,158
SEN,2018,23116701556.1381,15914498.0,0.0,23.863821204359045,16.582741138466734,159
SGP,2018,377123710560.614,5638676.0,0.0,26.655839115292483,15.545160021489263,160
SLB,2018,1615473250.25259,709101.0,0.0,21.202893785526037,13.471754659764771,161
SLE,2018,6390514688.52816,7554563.0,0.0,22.578080648184237,15.837662441897939,162
SLV,2018,26020850000.0,6219807.0,0.0,23.982163976714734,15.643249596071728,163
SMR,2018,1655353653.05934,34522.0,0.0,21.227280511200732,10.449381047562612,164
SOM,2018,7873000000.0,15452487.0,0.0,22.786705021275758,16.553280583941895,165
SRB,2018,52787520248.9242,6982604.0,0.0,24.689540640818507,15.75893261428239,166
STP,2018,383717327.830508,210187.0,0.0,19.76541671664333,12.255757647308222,167
SUR,2018,3996198866.57453,599513.0,0.0,22.108609463154693,13.303874605971028,168
SVK,2018,106611673364.837,5446771.0,0.0,25.39245884892891,15.510533697586311,169
SVN,2018,53689067639.9176,2073894.0,0.0,24.706475235629764,14.54493903968193,170
SWE,2018,549649344043.182,10175214.0,0.0,27.03254635556419,16.135465419290824,171
SWZ,2018,4643751059.28203,1168929.0,0.0,22.258788294754847,13.971599358421791,172
SXM,2018,1259200446.92737,39712.0,0.0,20.953742791351118,10.589433868992689,173
SYC,2018,1784313926.76807,96762.0,0.0,21.30229982410345,11.480019968790666,174
SYR,2018,21497782867.6426,19577845.0,0.0,23.791215644373832,16.789909178800567,175
TCA,2018,1314329000.0,41559.0,0.0,20.996592106947208,10.634893445213164,176
TCD,2018,15327000248.8701,16156531.0,0.0,23.452881832265792,16.597834984066104,177
TGO,2018,7029215766.46367,8258778.0,0.0,22.67334098142017,15.926787313747342,178
THA,2018,506754208404.485,71376079.0,0.0,26.95129192694159,18.083473357174483,179
TJK,2018,7764999999.45362,9307333.0,0.0,22.77289229360548,16.046313249490726,180
TKM,2018,40765428571.4286,6655524.0,0.0,24.43110022025093,15.710957894753944,181
TLS,2018,1555988614.43594,1275959.0,0.0,21.165376946117966,14.059209394433132,182
TON,2018,493530783.00463,105567.0,0.0,20.017095793827746,11.567110574028307,183
TTO,2018,23883058083.2171,1359193.0,0.0,23.896435177749872,14.122402434968727,184
TUN,2018,42686504459.801,11765514.0,0.0,24.477148652442974,16.280683353091202,185
TUR,2018,788356985773.667,81407204.0,0.0,27.39321685185108,18.214974340569192,186
TUV,2018,48015259.8751356,10751.0,0.0,17.687029453240232,9.282847062762931,187
TWN,2018,105843498304.094,10865228.0,0.0,25.3852274089761,16.20107824830283,188
TZA,2018,57003712892.0858,57437145.0,0.0,24.766382241134732,17.866201794840293,189
UGA,2018,32927025619.6795,41565831.0,0.0,24.217559604951507,17.542789041588083,190
UKR,2018,130891088293.55,45208907.0,0.0,25.597631427289162,17.626804705030835,191
URY,2018,65344577415.7535,3394534.0,0.0,24.902940296018397,15.03767734346756,192
USA,2018,20533057312000.0,328529577.0,0.0,30.653057255112206,19.61013743140944,193
UZB,2018,58695899092.1083,32373490.0,0.0,24.79563569921236,17.292850466859083,194
VCT,2018,884329629.62963,104926.0,0.0,20.600340436425096,11.561020149254343,195
VEN,2018,102021093964.682,29807592.0,0.0,25.348445432434886,17.210273717677687,196
VNM,2018,310106478394.659,96237319.0,0.0,26.460181554145976,18.38232778219392,197
VUT,2018,914727908.137793,285259.0,0.0,20.634137211954922,12.561156324077412,198
WSM,2018,878448433.404342,207582.0,0.0,20.593667766548627,12.243286538674218,199
YEM,2018,21606160663.0318,34085182.0,0.0,23.796244326897597,17.344373331695223,200
ZAF,2018,405260723892.517,58613001.0,0.0,26.727796459626674,17.886467107069254,201
ZMB,2018,26311507273.6735,17973569.0,0.0,23.99327221939884,16.704412903469308,202
ZWE,2018,34141666666.6667,15034452.0,0.0,24.253784371740526,16.525854991967076,203
ABW,2019,3346623191.45988,109203.0,0.0,21.931217672156677,11.600972971658708,0
AFG,2019,18799444490.1128,37856121.0,0.0,23.65709315800069,17.449303268493857,1
AGO,2019,80734428592.5368,32375632.0,0.0,25.114430945699205,17.292916629916387,2
ALB,2019,15585111614.0376,2567801.0,0.0,23.469581911836414,14.758560838015677,3
AND,2019,3155150255.91195,76474.0,0.0,21.872301956817264,11.244719169019104,4
ARE,2019,433926208304.969,9445785.0,0.0,26.796140329645823,16.061079274089465,5
ARG,2019,447754683615.225,44973465.0,0.0,26.827511338170268,17.621583229381496,6
ARM,2019,13619290539.2116,2962500.0,0.0,23.33475304675245,14.90154440197821,7
ASM,2019,647000000.0,50209.0,0.0,20.28785685401077,10.823969489028752,8
AUS,2019,1398349602956.35,25334826.0,0.0,27.96631380212314,17.047690568370708,9
AUT,2019,442983642371.842,8879920.0,0.0,26.816798681643544,15.999303218532383,10
AZE,2019,48174235294.1176,10024283.0,0.0,24.5980901776412,16.12052110715989,11
BDI,2019,2871555326.31029,12255336.0,0.0,21.77811964582122,16.321472073546268,12
BEL,2019,536726344405.489,11488980.0,0.0,27.0087542008319,16.256898960078367,13
BEN,2019,14391686313.4641,12726755.0,0.0,23.389916537530546,16.359217106951007,14
BFA,2019,16032813503.3707,20961952.0,0.0,23.497903303099598,16.85821959055728,15
BGD,2019,351231654603.692,164913055.0,0.0,26.58471182734695,18.920928959653363,16
BGR,2019,68507731353.9114,6616726.0,0.0,24.950212442340703,15.7051113947757,17
BHR,2019,40446808510.6383,1483756.0,0.0,24.423253577749506,14.210087942670793,18
BHS,2019,13277000000.0,394675.0,0.0,23.309299051935493,12.885820454127002,19
BIH,2019,20482608984.3316,3345533.0,0.0,23.742842020865957,15.023136880058763,20
BLR,2019,64410170653.4569,9419758.0,0.0,24.888537387004213,16.058320062361155,21
BLZ,2019,2381187850.0,385829.0,0.0,21.590865297181107,12.863152136928242,22
BMU,2019,7423465000.0,64107.0,0.0,22.72791176639073,11.068324440113466,23
BOL,2019,49056643589.0014,11671386.0,0.0,24.61624145904587,16.27265084895707,24
BRA,2019,1873288158838.63,207455459.0,0.0,28.25871637637686,19.15042722399188,25
BRB,2019,6161850000.0,281207.0,0.0,22.541642894241026,12.546849888016101,26
BRN,2019,13469235364.7032,442680.0,0.0,23.323674060033856,13.000604699344274,27
BTN,2019,2735683570.46155,764824.0,0.0,21.729647176312735,13.547402328469596,28
BWA,2019,16725908148.5481,2332083.0,0.0,23.540224740413212,14.662272846386985,29
CAF,2019,2221301351.43918,4944703.0,0.0,21.52135905587797,15.41382766280449,30
CAN,2019,1743725183672.52,37618495.0,0.0,28.18704485082974,17.443006402303272,31
CHE,2019,721369112726.724,8575280.0,0.0,27.30441678876278,15.964394320158664,32
CHL,2019,278285058719.466,19197744.0,0.0,26.351911816363526,16.770303382183798,33
CHN,2019,14560167101283.4,1407745000.0,0.0,30.309310635367797,21.065254971036047,34
CIV,2019,60382894697.3557,28193009.0,0.0,24.823971701420035,17.15458463284249,35
CMR,2019,39667757527.6578,25506095.0,0.0,24.403804541734157,17.054428040382177,36
COD,2019,46845900350.0332,92947442.0,0.0,24.57012933595424,18.347544762339673,37
COG,2019,13976637779.9763,5616661.0,0.0,23.360653042750727,15.541248095233655,38
COL,2019,323031701192.84,49907985.0,0.0,26.501016301464013,17.72569158799686,39
COM,2019,1187915408.87243,786578.0,0.0,20.895465851540667,13.575448441445744,40
CPV,2019,2252177124.32402,514104.0,0.0,21.535163196583852,13.150182803730594,41
CRI,2019,64417670521.3545,4999553.0,0.0,24.888653819412575,15.424859266419817,42
CUB,2019,103427600000.0,11202846.0,0.0,25.36213768797718,16.231678500391457,43
CUW,2019,3026124115.73275,157441.0,0.0,21.830548468237026,11.966812415457428,44
CYM,2019,5941896599.57333,67327.0,0.0,22.505294212383607,11.117331476657327,45
CYP,2019,26196667099.5303,1286671.0,0.0,23.98889802971817,14.067569597842033,46
CZE,2019,256794209028.77,10671870.0,0.0,26.271540858000826,16.18312195935834,47
DEU,2019,3959894794039.21,83092962.0,0.0,29.00723857368046,18.23547057513293,48
DJI,2019,3088851450.30694,1088709.0,0.0,21.851065160152846,13.90050406709392,49
DMA,2019,644259259.259259,67880.0,0.0,20.283611781098156,11.125511451119438,50
DNK,2019,345401473012.615,5814422.0,0.0,26.567973267310045,15.575852112872369,51
DOM,2019,89146130744.723,10894043.0,0.0,25.21354277869532,16.203726775838106,52
DZA,2019,193459662090.677,43294546.0,0.0,25.988334863041977,17.583537249707327,53
ECU,2019,107595830000.0,17340021.0,0.0,25.401647729285568,16.668527798058655,54
EGY,2019,318678815489.749,107553158.0,0.0,26.487449584527948,18.49349578563159,55
ESP,2019,1403496387686.27,47118501.0,0.0,27.96998765895613,17.668176305630777,56
EST,2019,31873748770.0313,1326898.0,0.0,24.18504858541238,14.09835519888795,57
ETH,2019,91834517112.628,115737383.0,0.0,25.243254067317714,18.566834251469874,58
FIN,2019,267014821129.411,5521606.0,0.0,26.310570003657773,15.52417949907355,59
FJI,2019,5344907153.46698,914899.0,0.0,22.399410010733163,13.726570048667627,60
FRA,2019,2722793515171.76,67382061.0,0.0,28.632679496841433,18.025889398027118,61
FRO,2019,3266432734.22819,51792.0,0.0,21.90696431972575,10.855010283980864,62
FSM,2019,394000000.0,110282.0,0.0,19.791861469800278,11.610805068249771,63
GAB,2019,16874405465.391,2267706.0,0.0,23.54906384146308,14.634279746771677,64
GBR,2019,2875710080015.3,66631000.0,0.0,28.687320744035745,18.014680507688666,65
GEO,2019,17638337116.9126,3720161.0,0.0,23.59334061538955,15.129277773688223,66
GHA,2019,68352629246.1555,31258945.0,0.0,24.947945866781865,17.257816165178674,67
GIN,2019,13442861496.4454,13034346.0,0.0,23.32171405841562,16.383098508199232,68
GMB,2019,1813609692.49994,2456844.0,0.0,21.31858500203741,14.714388564450285,69
GNB,2019,1596227316.34846,1967696.0,0.0,21.190908755248252,14.492374381326119,70
GNQ,2019,11364133549.7478,1670177.0,0.0,23.153728052959035,14.328440765539312,71
GRC,2019,207305649887.019,10721582.0,0.0,26.057460110662277,16.187769370615545,72
GRD,2019,1213485185.18519,115981.0,0.0,20.916762375545243,11.661190285634223,73
GRL,2019,2997309971.87623,56225.0,0.0,21.820981047652456,10.93713456235188,74
GTM,2019,77172331693.4093,17103803.0,0.0,25.06930683199651,16.654811452873542,75
GUM,2019,6355000000.0,161808.0,0.0,22.572507741745184,11.994171906286999,76
GUY,2019,5173760191.84652,807665.0,0.0,22.366865571133324,13.601903885707182,77
HKG,2019,363074545072.389,7507900.0,0.0,26.617874008457022,15.831466490666598,78
HND,2019,24882225741.8119,9943633.0,0.0,23.937419559932394,16.112443105381082,79
HRV,2019,61466721186.3116,3949390.0,0.0,24.841761746395708,15.189071947775586,80
HTI,2019,15016090929.5125,11105163.0,0.0,23.432388191787172,16.222920783324085,81
HUN,2019,164936682033.992,9694824.0,0.0,25.828827491955472,16.08710279595446,82
IDN,2019,1119099871350.2,272489381.0,0.0,27.74354579181301,19.423110206170797,83
IND,2019,2835606256558.19,1389030312.0,0.0,28.673276877357054,21.051871724094596,84
IRL,2019,407211793800.713,4976456.0,0.0,26.73259926493057,15.420228750020055,85
IRN,2019,347988400957.999,87051648.0,0.0,26.57543498558782,18.282012167135182,86
IRQ,2019,233636097800.338,41192171.0,0.0,26.177030604221375,17.533758796267467,87
ISL,2019,24985687022.0452,360563.0,0.0,23.941568978784794,12.795424751156999,88
ISR,2019,400645216358.857,9054000.0,0.0,26.716342125400864,16.018717317426457,89
ITA,2019,2019606796583.53,59729081.0,0.0,28.333923953237715,17.905329595429155,90
JAM,2019,17026269262.5307,2823271.0,0.0,23.55802323912703,14.85340705399335,91
JOR,2019,44503006338.0282,10671891.0,0.0,24.518822582017062,16.183123927146305,92
JPN,2019,5117993853016.51,126633000.0,0.0,29.263783652613746,18.656803705111464,93
KAZ,2019,181667184854.501,19209555.0,0.0,25.925442195353078,16.77091842151563,94
KEN,2019,100378436207.371,51202827.0,0.0,25.332213242334685,17.751305322859373,95
KGZ,2019,9371275264.36735,6590211.0,0.0,22.96091502482885,15.701096075915725,96
KHM,2019,36685356407.7206,16481304.0,0.0,24.32564350444532,16.617737266203687,97
KIR,2019,216985388.322754,123921.0,0.0,19.195340578928057,11.727407614405314,98
KNA,2019,1107855555.55556,46952.0,0.0,20.82569205265383,10.756902380358612,99
KOR,2019,1751045752054.63,51764822.0,0.0,28.191234297991777,17.76222138387775,100
KWT,2019,140856394860.529,4442316.0,0.0,25.671006732165946,15.306686645140541,101
LAO,2019,18740561512.5555,7237636.0,0.0,23.653956076677886,15.794805329872489,102
LBN,2019,51605959131.2741,5794594.0,0.0,24.666902989825388,15.572436144479381,103
LBR,2019,3319596500.0,5043721.0,0.0,21.923109076645357,15.433654859559956,104
LBY,2019,69254496471.6938,6951033.0,0.0,24.96105391091956,15.754400983453195,105
LCA,2019,2095344444.44444,177661.0,0.0,21.46298378990613,12.087638147718394,106
LKA,2019,88998706296.5783,21803000.0,0.0,25.211887670590635,16.897558178835432,107
LSO,2019,2390702295.82777,2209405.0,0.0,21.59485300777004,14.608234259086037,108
LTU,2019,55122066225.796,2811089.0,0.0,24.732815948921584,14.849082866451907,109
LUX,2019,69872035113.6469,620001.0,0.0,24.969931336246265,13.337477982822524,110
LVA,2019,33099503950.847,1913822.0,0.0,24.2227841328681,14.464613370229793,111
MAC,2019,55025172016.004,672000.0,0.0,24.73105659051496,13.418015107599418,112
MAR,2019,128920266409.458,36210898.0,0.0,25.5824599603704,17.404870708829375,113
MDA,2019,11736797054.6965,2664224.0,0.0,23.185994790928838,14.795423766535377,114
MDG,2019,14104664678.5063,28219554.0,0.0,23.369771407952687,17.155525735306426,115
MDV,2019,5726094799.37709,487731.0,0.0,22.468299599611218,13.097521353652665,116
MEX,2019,1304106203902.45,125762982.0,0.0,27.896539020827802,18.649909606147578,117
MHL,2019,232900000.0,44007.0,0.0,19.26611973914826,10.692126714555293,118
MKD,2019,12606338448.547,1876262.0,0.0,23.257465575967178,14.444792590619995,119
MLI,2019,20477421884.5414,21068405.0,0.0,23.74258874469855,16.863285130331956,120
MLT,2019,16337793530.7322,503912.0,0.0,23.51674688248254,13.130158913105504,121
MMR,2019,75065106243.3578,52640713.0,0.0,25.041621657174467,17.779000408719135,122
MNE,2019,5483476883.4658,626753.0,0.0,22.42500520468484,13.34830939813021,123
MNG,2019,14206359017.5143,3267673.0,0.0,23.376955519518212,14.99958897478419,124
MNP,2019,1179000000.0,48129.0,0.0,20.88793245934982,10.781660962297154,125
MOZ,2019,15512759046.672,29884380.0,0.0,23.464928686623573,17.21284652729384,126
MRT,2019,7894764885.82312,4467708.0,0.0,22.789465704200847,15.312386307238194,127
MUS,2019,14645235204.6176,1265985.0,0.0,23.40738087756949,14.051361823173297,128
MWI,2019,11051852712.6142,19025752.0,0.0,23.12586391724616,16.761304040429433,129
MYS,2019,365177721021.516,33440596.0,0.0,26.6236499789392,17.325281198892228,130
NAM,2019,12541928303.48,2650494.0,0.0,23.25234313261652,14.790256972971697,131
NCL,2019,9475655324.59495,283606.0,0.0,22.97199174917439,12.55534475598712,132
NER,2019,12889555561.2299,22947757.0,0.0,23.279683174034652,16.94873079906698,133
NGA,2019,668219992691.462,209485641.0,0.0,27.22788328664365,19.160165760371658,134
NIC,2019,12699023614.245,6483657.0,0.0,23.264790946766116,15.684795415227626,135
NLD,2019,928903005576.469,17344874.0,0.0,27.557270162965473,16.668807631672212,136
NOR,2019,408742840909.091,5347896.0,0.0,26.736352044411444,15.492213957482228,137
NPL,2019,34186180699.0255,28414064.0,0.0,24.255087326256767,17.162394827016247,138
NRU,2019,125160115.547819,11587.0,0.0,18.64510440795515,9.35772535888924,139
NZL,2019,213006341101.869,4970300.0,0.0,26.08458777264871,15.418990959619206,140
OMN,2019,88060858257.4772,4591241.0,0.0,25.201293983518568,15.339661133669628,141
PAK,2019,320909472770.669,230800899.0,0.0,26.49442490401472,19.257065992070686,142
PAN,2019,69778991192.5571,4234700.0,0.0,24.968598815643773,15.258823281450697,143
PER,2019,228346006003.648,32449303.0,0.0,26.1541278857507,17.295189552502226,144
PHL,2019,376823402239.136,110804683.0,0.0,26.655042485575994,18.52327960575215,145
PLW,2019,282041290.283203,17798.0,0.0,19.45756404117367,9.786897554926753,146
PNG,2019,24750626029.8777,9609010.0,0.0,23.932116619818096,16.078211862018872,147
POL,2019,602683770144.88,37965475.0,0.0,27.124658468494566,17.452187778414693,148
PRT,2019,240115970063.019,10286263.0,0.0,26.2043878521808,16.146319970941356,149
PRY,2019,37925338329.156,6515058.0,0.0,24.358885283173674,15.689626824524636,150
PSE,2019,17133500000.0,4685306.0,0.0,23.56430144837693,15.359941999789525,151
PYF,2019,6022276196.13871,279034.0,0.0,22.518731130640138,12.53909250096423,152
QAT,2019,176371428571.429,2638657.0,0.0,25.895857997856567,14.785781012543975,153
ROU,2019,250080428511.595,19371648.0,0.0,26.24504841712017,16.77932116340656,154
RUS,2019,1693115002708.32,145453291.0,0.0,28.157591145130063,18.795365575856646,155
RWA,2019,10349300276.7623,12776103.0,0.0,23.060184748359095,16.363087109106846,156
SAU,2019,888890133333.333,30063799.0,0.0,27.513239480272308,17.218832348138534,157
SDN,2019,32338079165.2893,45548175.0,0.0,24.19951129434964,17.63428113696067,158
SEN,2019,23403995992.1354,16352922.0,0.0,23.87617261366812,16.609917216087286,159
SGP,2019,376161998830.048,5703569.0,0.0,26.65328573550289,15.556602852540376,160
SLB,2019,1619150563.92084,728147.0,0.0,21.205167506033572,13.498259603220145,161
SLE,2019,6523577594.29408,7731991.0,0.0,22.59868877333285,15.860877084648674,162
SLV,2019,26881140000.0,6222318.0,0.0,24.014690762453537,15.643653224813677,163
SMR,2019,1616340692.28937,34663.0,0.0,21.20343059988014,10.453456963419745,164
SOM,2019,8656000000.0,16030971.0,0.0,22.881518559166064,16.590033159054354,165
SRB,2019,53864693664.5568,6945235.0,0.0,24.709741066198642,15.753566514874729,166
STP,2019,412976082.620705,213392.0,0.0,19.838900240339818,12.270890815062488,167
SUR,2019,4016040575.08796,605768.0,0.0,22.113562322892356,13.314254004261981,168
SVK,2019,105843498304.094,5454147.0,0.0,25.3852274089761,15.511886978066434,169
SVN,2019,53909922735.545,2088385.0,0.0,24.710580393215583,14.551902076799454,170
SWE,2019,530894124494.418,10278887.0,0.0,26.997828449410225,16.14560264093414,171
SWZ,2019,4617018958.69086,1179874.0,0.0,22.253015086958577,13.980919058627245,172
SXM,2019,1407880446.92737,40385.0,0.0,21.065351181934783,10.606238469238768,173
SYC,2019,1868690096.73454,97625.0,0.0,21.348503539865515,11.488899130367374,174
SYR,2019,22583045060.0821,20353534.0,0.0,23.840465243133707,16.82876516484074,175
TCA,2019,1371838000.0,43166.0,0.0,21.039417284205808,10.672831593431527,176
TCD,2019,14905517742.8454,16685223.0,0.0,23.42499729972578,16.63003409530974,177
TGO,2019,6992654019.28876,8463068.0,0.0,22.668126009296024,15.951222431756191,178
THA,2019,543976691793.886,71522271.0,0.0,27.022172236919157,18.08551945566277,179
TJK,2019,8300813599.3084,9529966.0,0.0,22.839619371078456,16.069951812875175,180
TKM,2019,40810067974.509,6803944.0,0.0,24.432194652020886,15.733013148984913,181
TLS,2019,2032550389.41316,1300945.0,0.0,21.432557191410112,14.078602250099786,182
TON,2019,506031238.979937,105669.0,0.0,20.042108964436746,11.568076309435076,183
TTO,2019,23477745791.6977,1363985.0,0.0,23.879318821875756,14.125921853403252,184
TUN,2019,41905642418.825,11875081.0,0.0,24.458686318765764,16.289952813124295,185
TUR,2019,775853144222.613,82579440.0,0.0,27.377229092085614,18.2292713092058,186
TUV,2019,54123198.5662913,10581.0,0.0,17.806773479369525,9.266909723464076,187
TWN,2019,105843498304.094,10865228.0,0.0,25.3852274089761,16.20107824830283,188
TZA,2019,61026731925.9213,59174891.0,0.0,24.834577833435926,17.8960078882676,189
UGA,2019,35353061003.4359,42999637.0,0.0,24.288650816896215,17.57670225501775,190
UKR,2019,153883047509.577,44957458.0,0.0,25.75945871909617,17.621227245048654,191
URY,2019,62222313618.8454,3397206.0,0.0,24.85397951222868,15.038464181406297,192
USA,2019,21380976119000.0,330226227.0,0.0,30.693522676189573,19.61528851694395,193
UZB,2019,67293639798.3996,32964701.0,0.0,24.93233156392168,17.310947910597882,194
VCT,2019,910481481.481481,104167.0,0.0,20.629484119178258,11.553760259408564,195
VEN,2019,73014084091.3,28938098.0,0.0,25.013918192256902,17.180669589380507,196
VNM,2019,334365270496.667,97173776.0,0.0,26.535499856596267,18.392011449081814,197
VUT,2019,936526267.622513,291985.0,0.0,20.657688129238814,12.58446113489553,198
WSM,2019,912950466.064906,209780.0,0.0,20.63219218414654,12.253819408402888,199
YEM,2019,105843498304.094,35111408.0,0.0,25.3852274089761,17.37403667835619,200
ZAF,2019,389330032224.269,59587885.0,0.0,26.687693232757074,17.902962856342917,201
ZMB,2019,23308667781.2258,18513839.0,0.0,23.872091136161163,16.734029118463276,202
ZWE,2019,33357695635.1284,15271368.0,0.0,24.2305543363955,16.541490326090443,203
ABW,2020,2471419181.71957,108587.0,0.0,21.628058390488018,11.595316183139133,0
AFG,2020,19955929052.1496,39068979.0,0.0,23.716792131775,17.480839359703,1
AGO,2020,58852456453.8769,33451132.0,0.0,24.798299410731047,17.325596215414812,2
ALB,2020,15241458744.5927,2528480.0,0.0,23.44728510083896,14.743129285137378,3
AND,2020,2891002460.29153,77380.0,0.0,21.78486915134364,11.256496551406977,4
ARE,2020,357161878829.135,9401038.0,0.0,26.601454958053466,16.056330773046923,5
ARG,2020,385740508436.965,45191965.0,0.0,26.67843072241182,17.626429885641404,6
ARM,2020,12641698583.2152,2961500.0,0.0,23.26026659829931,14.901206792365823,7
ASM,2020,721000000.0,49761.0,0.0,20.396149696636186,10.815006919531392,8
AUS,2020,1333336461648.09,25649248.0,0.0,27.918705534614393,17.060024850399984,9
AUT,2020,434397601557.696,8916864.0,0.0,26.797226084277174,16.003454985381463,10
AZE,2020,42693000000.0,10093121.0,0.0,24.477300809339468,16.127364759733396,11
BDI,2020,3227847281.31544,12617036.0,0.0,21.895081275923744,16.3505586014569,12
BEL,2020,529694473501.791,11538604.0,0.0,26.995566212183622,16.261208927855034,13
BEN,2020,15686741883.934,13070169.0,0.0,23.476081726610687,16.385843092401814,14
BFA,2020,17725010532.5268,21478690.0,0.0,23.59824250363956,16.88257188533831,15
BGD,2020,373979442362.193,166298024.0,0.0,26.647466665906872,18.929292067965154,16
BGR,2020,70486877546.4901,6550696.0,0.0,24.97869239536138,15.695082014163797,17
BHR,2020,35837632978.7234,1472204.0,0.0,24.302264378779594,14.202271834878655,18
BHS,2020,10363200000.0,395863.0,0.0,23.061526906489423,12.888825996906103,19
BIH,2020,20226038369.9191,3299349.0,0.0,23.730236639533217,15.00923603733866,20
BLR,2020,61371673344.7424,9379952.0,0.0,24.84021421948608,16.054085310308874,21
BLZ,2020,2047284600.0,390812.0,0.0,21.439780167180686,12.87598446369473,22
BMU,2020,6887364000.0,64382.0,0.0,22.65295426545917,11.07260490208959,23
BOL,2020,42313784081.042,11816299.0,0.0,24.46837873473992,16.28499049217369,24
BRA,2020,1476107292151.95,208660842.0,0.0,28.02042953062549,19.156220731061115,25
BRB,2020,5407050000.0,281698.0,0.0,22.410969494760522,12.548594403982408,26
BRN,2020,12005799653.9835,447404.0,0.0,23.208655674562326,13.011219503657436,27
BTN,2020,2457604333.90927,770006.0,0.0,21.622452864795168,13.554154884697635,28
BWA,2020,14960251607.8135,2365894.0,0.0,23.428662628122265,14.67666694383748,29
CAF,2020,2326720900.38047,5026628.0,0.0,21.56772577482982,15.430260138479198,30
CAN,2020,1655684730000.19,38028638.0,0.0,28.135235773332898,17.453850091727897,31
CHE,2020,741999406005.627,8638167.0,0.0,27.332614279583318,15.971701081260171,32
CHL,2020,254042159309.311,19370624.0,0.0,26.260766071728195,16.779268301253957,33
CHN,2020,14996414166715.1,1411100000.0,0.0,30.338832232900167,21.067635379736657,34
CIV,2020,63027852805.4204,28915449.0,0.0,24.8668425736754,17.179886612310003,35
CMR,2020,40773241177.0505,26210558.0,0.0,24.431291849711396,17.08167290280966,36
COD,2020,46691989748.9186,95989998.0,0.0,24.566838461211372,18.379754566921967,37
COG,2020,11468687464.0046,5752791.0,0.0,23.16288632954374,15.565195860142282,38
COL,2020,270348342541.465,50629997.0,0.0,26.322977121971334,17.74005480444382,39
COM,2020,1218763671.26563,802163.0,0.0,20.921102798482643,13.595068354721725,40
CPV,2020,1821565613.68613,514679.0,0.0,21.32296219610071,13.151300627298927,41
CRI,2020,62395610760.0492,5034320.0,0.0,24.856760769479994,15.431789219032966,42
CUB,2020,107352000000.0,11176354.0,0.0,25.399378991754382,16.229310943909802,43
CUW,2020,2534327592.49914,155482.0,0.0,21.653194189692023,11.954291679866197,44
CYM,2020,5655357984.24218,68684.0,0.0,22.45586924870931,11.137286113759306,45
CYP,2020,25555093854.2968,1302247.0,0.0,23.964102501838322,14.079602559802842,46
CZE,2020,251109660602.536,10697858.0,0.0,26.24915557550224,16.185554185952824,47
DEU,2020,3941398957073.94,83160871.0,0.0,29.00255684146509,18.236287506709598,48
DJI,2020,3144136196.6228,1105188.0,0.0,21.868805030429673,13.915526919032175,49
DMA,2020,528944444.444444,67573.0,0.0,20.08639396624436,11.120978572662972,50
DNK,2020,355631021931.621,5831404.0,0.0,26.597159575061834,15.578768524146282,51
DOM,2020,78546672406.8291,11008300.0,0.0,25.08695883802416,16.21416018253143,52
DZA,2020,164873415325.201,44042091.0,0.0,25.82844383657273,17.600656370961218,53
ECU,2020,95865473000.0,17546065.0,0.0,25.286211722736827,16.680340323204483,54
EGY,2020,383817841547.099,109315124.0,0.0,26.673433906016143,18.509745324176897,55
ESP,2020,1289783836971.21,47359424.0,0.0,27.885495752022408,17.673276407419024,56
EST,2020,31820771493.8974,1329522.0,0.0,24.18338510515916,14.100330789252316,57
ETH,2020,98676811061.4035,118917671.0,0.0,25.315115812138938,18.593941979716885,58
FIN,2020,270000311606.226,5529543.0,0.0,26.32168895004496,15.525615910785723,59
FJI,2020,4227719873.3865,914963.0,0.0,22.16492864788398,13.726639999221357,60
FRA,2020,2647926055110.05,67601110.0,0.0,28.6047978288064,18.029134975789383,61
FRO,2020,3271813311.5831,52565.0,0.0,21.908610198002645,10.869824801894419,62
FSM,2020,372902700.0,110916.0,0.0,19.736828088351565,11.616537452843936,63
GAB,2020,15342236163.9864,2322539.0,0.0,23.453875395728772,14.658171972342057,64
GBR,2020,2724001478304.59,66744000.0,0.0,28.633123046912285,18.01637497854667,65
GEO,2020,16010869215.68,3722716.0,0.0,23.496533654591204,15.129964335998416,66
GHA,2020,70008243859.8666,31887809.0,0.0,24.971878841502445,17.277734363062724,67
GIN,2020,14088693742.9464,13371183.0,0.0,23.36863845053567,16.40861250162694,68
GMB,2020,1812170891.19069,2515733.0,0.0,21.317791351483677,14.73807516784293,69
GNB,2020,1705057581.09946,2013255.0,0.0,21.256864719603964,14.515263869909155,70
GNQ,2020,9893816007.7398,1716468.0,0.0,23.015175753332784,14.355779831710974,71
GRC,2020,191362985554.861,10698599.0,0.0,25.977437909363,16.185623449750192,72
GRD,2020,1043411111.11111,116341.0,0.0,20.76576109840108,11.664289408308909,73
GRL,2020,3089625554.40473,56367.0,0.0,21.85131574103257,10.939656900581019,74
GTM,2020,77719468248.3666,17357325.0,0.0,25.07637161955585,16.669525223074228,75
GUM,2020,5916000000.0,162158.0,0.0,22.500926381963996,11.996332614357977,76
GUY,2020,5471256594.72422,807481.0,0.0,22.42277415199284,13.601676042808828,77
HKG,2020,344943149590.058,7481000.0,0.0,26.566645456605396,15.827877164526502,78
HND,2020,23352232483.755,10119640.0,0.0,23.87395842611649,16.129988746886067,79
HRV,2020,57959843541.3699,3914206.0,0.0,24.783016254988244,15.180123312611736,80
HTI,2020,14508222518.3018,11243848.0,0.0,23.39798139594601,16.235331781533823,81
HUN,2020,158468487754.196,9670419.0,0.0,25.788821595072708,16.08458229978514,82
IDN,2020,1059054842698.48,274814866.0,0.0,27.68839796845854,19.431608218013537,83
IND,2020,2674851578587.27,1402617695.0,0.0,28.614915010097288,21.061606110556724,84
IRL,2020,436009027818.948,5039747.0,0.0,26.800928786090132,15.43286663879751,85
IRN,2020,280934329279.723,87723443.0,0.0,26.361386775339888,18.289699742029168,86
IRQ,2020,180898797516.874,42116605.0,0.0,25.921203582105413,17.555952662686117,87
ISL,2020,22034665040.7901,366463.0,0.0,23.815882733935357,12.811655569017733,88
ISR,2020,410768352657.612,9215100.0,0.0,26.74129527371435,16.036354109416664,89
ITA,2020,1907481094079.23,59438851.0,0.0,28.276804688695606,17.90045864459373,90
JAM,2020,15000214216.2439,2830739.0,0.0,23.43133031909624,14.856048719537352,91
JOR,2020,43700383098.5916,10865228.0,0.0,24.500622705590573,16.20107824830283,92
JPN,2020,5054068005376.28,126261000.0,0.0,29.251214580557342,18.65386175895723,93
KAZ,2020,171082365861.423,19482117.0,0.0,25.865410949192565,16.785007577167708,94
KEN,2020,100657505750.545,52217334.0,0.0,25.3349895590441,17.770925085846418,95
KGZ,2020,8270468614.24051,6726596.0,0.0,22.83595700885554,15.721579927379096,96
KHM,2020,34818073901.4851,16725474.0,0.0,24.273402453917452,16.632443564173183,97
KIR,2020,220898020.418627,126099.0,0.0,19.21321171144044,11.744830521953011,98
KNA,2020,883922222.222222,46870.0,0.0,20.599879633950913,10.755154426298283,99
KOR,2020,1744070276373.34,51836239.0,0.0,28.187242736689676,17.763600076513605,100
KWT,2020,111045470605.715,4400267.0,0.0,25.433205599482637,15.297176006124515,101
LAO,2020,18981805250.2424,7346533.0,0.0,23.666746738947797,15.809739195341605,102
LBN,2020,31712128253.7961,5702398.0,0.0,24.179965039447442,15.556397521453798,103
LBR,2020,3176126300.0,5149463.0,0.0,21.878928146857984,15.45440318955356,104
LBY,2020,46854285440.642,7045399.0,0.0,24.570308312987425,15.767885479559752,105
LCA,2020,1499274074.07407,178250.0,0.0,21.128246877962383,12.090947948358982,106
LKA,2020,84335574581.5072,21919000.0,0.0,25.158069612729843,16.90286444418801,107
LSO,2020,2053699863.99625,2235727.0,0.0,21.442908815573478,14.620077460061612,108
LTU,2020,57412038533.2718,2810369.0,0.0,24.77351984884378,14.848826705239718,109
LUX,2020,73670782100.3909,630419.0,0.0,25.02287211386537,13.354141542910876,110
LVA,2020,33379927434.6149,1900449.0,0.0,24.231220581289627,14.457601258199269,111
MAC,2020,25280064167.7333,685400.0,0.0,23.953281944541992,13.437759347423624,112
MAR,2020,121353645057.144,36584208.0,0.0,25.521974806229863,17.415127257183656,113
MDA,2020,11530746234.4492,2635130.0,0.0,23.168282890334197,14.78444345409185,114
MDG,2020,13051441203.9474,28953556.0,0.0,23.2921644017781,17.181203621447835,115
MDV,2020,3712604583.36665,502118.0,0.0,22.03499951155161,13.126592422374358,116
MEX,2020,1121064767308.42,126799054.0,0.0,27.745300034718376,18.65811414725824,117
MHL,2020,241800000.0,42706.0,0.0,19.303621500280617,10.662118120207166,118
MKD,2020,12361036913.8409,1856124.0,0.0,23.237815178243633,14.434001539198363,119
MLI,2020,20698560938.7775,21713836.0,0.0,23.753330014983607,16.89346026506804,120
MLT,2020,16404663226.4598,515490.0,0.0,23.520831474496507,13.15287512350886,121
MMR,2020,79006113670.2831,53016522.0,0.0,25.092791074663207,17.786114177647974,122
MNE,2020,4723571497.76347,626590.0,0.0,22.275831023877675,13.348049294166945,123
MNG,2020,13312981429.0891,3327204.0,0.0,23.312005443524722,15.017643170174798,124
MNP,2020,866000000.0,47528.0,0.0,20.579395467681444,10.769095330043152,125
MOZ,2020,14235420174.1884,30783688.0,0.0,23.378999074289503,17.24249552974581,126
MRT,2020,8260752385.23089,4600131.0,0.0,22.834781508252462,15.341595556699785,127
MUS,2020,11566111137.5568,1266014.0,0.0,23.171345205710868,14.0513847299573,128
MWI,2020,11769313597.8545,19533888.0,0.0,23.18876143866371,16.787661412573495,129
MYS,2020,337456163961.211,33889558.0,0.0,26.544701454266853,17.33861753081046,130
NAM,2020,10583748541.5258,2728762.0,0.0,23.082585505212077,14.819358950921062,131
NCL,2020,9454629467.91408,284176.0,0.0,22.969770349385076,12.557352562446923,132
NER,2020,13744653103.058,23717613.0,0.0,23.343915720271912,16.98172853681504,133
NGA,2020,598586817819.073,213996181.0,0.0,27.11783741043872,19.181468731705476,134
NIC,2020,12726422432.4868,6565267.0,0.0,23.266946175728073,15.697303887429609,135
NLD,2020,932560861701.17,17441500.0,0.0,27.5612002535755,16.674363039255358,136
NOR,2020,367633418886.627,5379475.0,0.0,26.630352134306744,15.49810152962498,137
NPL,2020,33433659301.2466,28966574.0,0.0,24.232828993016607,17.18165313700554,138
NRU,2020,124685688.161094,11643.0,0.0,18.641306641924203,9.362546304865514,139
NZL,2020,213029554653.687,5072400.0,0.0,26.084696747277714,15.439324833488199,140
OMN,2020,75909492847.8544,4522497.0,0.0,25.052807583999726,15.324575054018212,141
PAK,2020,300425609817.981,235001746.0,0.0,26.428466005596025,19.275103506123354,142
PAN,2020,57059846521.5327,4293261.0,0.0,24.767366492972325,15.27255737492751,143
PER,2020,201409694755.934,32838579.0,0.0,26.028606952899214,17.30711460166235,144
PHL,2020,361751145451.597,112081264.0,0.0,26.61422236887344,18.534734746510345,145
PLW,2020,261688507.080078,17792.0,0.0,19.38266545396484,9.786560400506836,146
PNG,2020,23848447849.6081,9815746.0,0.0,23.894984972523915,16.099498490794595,147
POL,2020,605914237903.742,37515748.0,0.0,27.130004291391263,17.440271376109855,148
PRT,2020,229618773422.577,10297081.0,0.0,26.15968626383131,16.14737111209169,149
PRY,2020,35432178068.1756,6603739.0,0.0,24.29088622921441,15.703146713168394,150
PSE,2020,15531700000.0,4803269.0,0.0,23.466148933731024,15.384807493932675,151
PYF,2020,5574821989.38239,279209.0,0.0,22.44152622380657,12.539719465847865,152
QAT,2020,144411538461.538,2794148.0,0.0,25.695932966463065,14.84303814593833,153
ROU,2020,250625048303.578,19265250.0,0.0,26.247223827743696,16.77381356476624,154
RUS,2020,1493075894362.14,145245148.0,0.0,28.031859466658556,18.79393355554822,155
RWA,2020,10174386856.6101,13065837.0,0.0,23.043139306765042,16.385511595714206,156
SAU,2020,767951200000.0,31552510.0,0.0,27.36699202640986,17.26716373174017,157
SDN,2020,27034593750.0,46789231.0,0.0,24.020383132887375,17.66116364894407,158
SEN,2020,24530513037.7518,16789219.0,0.0,23.923183609745422,16.63624757175066,159
SGP,2020,349165858544.568,5685807.0,0.0,26.57881288564395,15.55348380347558,160
SLB,2020,1536143427.82958,744498.0,0.0,21.15254084545668,13.520466787921954,161
SLE,2020,6688307703.1447,7912558.0,0.0,22.6236267200653,15.883961801962851,162
SLV,2020,24921190000.0,6234673.0,0.0,23.93898428257465,15.645636850244175,163
SMR,2020,1541248248.80727,34770.0,0.0,21.155858476875125,10.456538985013989,164
SOM,2020,8628000000.0,16651191.0,0.0,22.878278565589223,16.627992363419764,165
SRB,2020,55874017668.998,6899126.0,0.0,24.74636530887545,15.746905439823808,166
STP,2020,471229484.607144,217435.0,0.0,19.970855763910826,12.289659833336442,167
SUR,2020,2911807496.20227,612317.0,0.0,21.792039858365715,13.32500703438819,168
SVK,2020,107732602896.441,5458827.0,0.0,25.402918094866127,15.512744672665395,169
SVN,2020,53384760135.1581,2102419.0,0.0,24.70079115147223,14.558599620164776,170
SWE,2020,544265668451.678,10353442.0,0.0,27.022703325719114,16.15282967936241,171
SWZ,2020,4134677809.50096,1192729.0,0.0,22.142675244732388,13.991755355264598,172
SXM,2020,1236428100.55866,41008.0,0.0,20.935492496497318,10.62154683379229,173
SYC,2020,1382551751.56908,98462.0,0.0,21.047196724706478,11.497436122074095,174
SYR,2020,12047752036.091,21049429.0,0.0,23.212143926541405,16.86238403934124,175
TCA,2020,918387000.0,44386.0,0.0,20.638129429465994,10.700701912755346,176
TCD,2020,14932897821.2387,17224679.0,0.0,23.4268325235846,16.661853797042664,177
TGO,2020,7486031561.86885,8669720.0,0.0,22.736304662672612,15.975347168308144,178
THA,2020,500461898480.246,71641484.0,0.0,26.93879730589329,18.087184863585165,179
TJK,2020,8133963550.65742,9749310.0,0.0,22.819314163435102,16.092707173810357,180
TKM,2020,41509903181.7231,6949912.0,0.0,24.44919786662423,15.754239699477013,181
TLS,2020,2162619240.86927,1326053.0,0.0,21.49458593599891,14.097718172880647,182
TON,2020,506571467.895978,105704.0,0.0,20.043175975146,11.568407474429232,183
TTO,2020,20888515184.2239,1366725.0,0.0,23.762465332211043,14.127928656698185,184
TUN,2020,42491780918.361,11974057.0,0.0,24.472576504041818,16.298253034284,185
TUR,2020,733628247119.077,83384680.0,0.0,27.321268261945736,18.238975169402387,186
TUV,2020,51746594.3148543,10399.0,0.0,17.76186919692812,9.249561085129464,187
TZA,2020,66068737786.0639,60972798.0,0.0,24.913961518629296,17.925938404653788,189
UGA,2020,37600368241.6657,44457152.0,0.0,24.35027968098222,17.61003642936227,190
UKR,2020,156617722013.342,44680014.0,0.0,25.777073781496988,17.615036867885898,191
URY,2020,53559359261.826,3398968.0,0.0,24.704056394718474,15.038982708307154,192
USA,2020,21060473613000.0,331577720.0,0.0,30.678419111127997,19.61937279259919,193
UZB,2020,66443265418.3086,33586372.0,0.0,24.919614268877933,17.32963097719332,194
VCT,2020,864566666.666667,103526.0,0.0,20.57773897713758,11.54758772723223,195
VEN,2020,42838020721.1995,28444077.0,0.0,24.4806918798293,17.163450542212132,196
VNM,2020,346615738537.796,98079191.0,0.0,26.57148262156051,18.40128579194532,197
VUT,2020,909421043.508407,298858.0,0.0,20.62831874017871,12.60772716924147,198
WSM,2020,868884902.953089,211944.0,0.0,20.582721227913648,12.264082086033074,199
YEM,2020,57003712892.0858,36134863.0,0.0,24.766382241134732,17.4027687190281,200
ZAF,2020,337974655408.055,60562381.0,0.0,26.546236745621112,17.91918449921295,201
ZMB,2020,18137764930.651,19059395.0,0.0,23.621262061895028,16.763070766286322,202
ZWE,2020,31980334561.3123,15526888.0,0.0,24.188387005908265,16.558083853100246,203
